id,name,segment_start_m,segment_end_m,apex_d,ref_vmin,drv_vmin,drv_vmin_d,d_vmin,time_lost,ref_brake_d,drv_brake_d,d_brake_m,ref_gas100_d,drv_gas100_d,d_gas100_m,ref_slip,drv_slip,ref_abs,drv_abs,flags
C01,C01,-373,229,77,87,84,72,-3,-0.08,0,0,0,141,132,-9,6.58,7.63,8,17,
C02,C02,229,622,359,207,173,229,-34,-0.03,,,,472,230,-242,0.26,0.32,0,0,vmin
C03,C03,622,944,863,128,131,868,3,-0.07,801,805,4,,,,6.29,5.96,13,14,
C04,C04,944,1086,1006,168,142,1086,-26,-0.08,,,,,,,2.91,3.65,5,5,vmin
C05,C05,1086,1246,1149,131,132,1134,1,-0.04,1117,1115,-2,1232,1174,-58,4.01,3.11,3,2,
C06,C06,1246,1398,1344,119,120,1345,1,-0.02,1275,1272,-3,,,,5.97,5.42,6,6,
C07,C07,1398,1792,1436,152,136,1398,-16,-0.02,,,,1454,1399,-55,0.76,0.59,0,0,vmin
C08,C08,1792,2211,2151,237,232,2195,-5,0.01,2078,2079,1,,,,0.21,0.16,0,0,
C09,C09,2211,2640,2265,234,232,2211,-2,-0.01,,,,2291,2213,-78,0.0,0.02,0,0,
C10,C10,2881,3384,3362,277,274,3383,-3,0.03,3289,3294,5,,,,0.09,0.04,0,0,
C11,C11,3384,3572,3426,273,245,3572,-28,0.01,,,,,,,0.6,0.44,0,0,vmin
C12,C12,3572,4058,3708,114,114,3681,0,-0.02,3573,3572,-1,3813,3760,-53,3.3,3.61,9,11,
C13,C13,4331,4850,4801,220,184,4850,-36,0.06,4682,4817,135,,,,1.54,2.03,7,12,vmin+frenada
C14,C14,4850,4982,4918,160,151,4982,-9,-0.06,4850,4968,118,,,,4.15,1.98,7,4,vmin+frenada
C15,C15,4982,5395,5045,90,90,5031,0,-0.16,4982,4982,0,5167,5151,-16,3.51,3.47,7,10,
C16,C16,5430,5910,5815,220,215,5430,-5,-0.03,5715,5907,192,5865,5431,-434,0.25,0.29,0,0,frenada
C17,C17,5910,6148,6004,126,124,6015,-2,-0.01,5914,5910,-4,6138,6055,-83,6.11,5.33,12,13,
C18,C18,6148,6436,6291,118,116,6295,-2,-0.06,6208,6205,-3,6375,6376,1,4.26,4.57,11,10,
C19,C19,6436,6720,6557,201,169,6436,-32,-0.01,,,,6597,6437,-160,1.15,0.71,0,1,vmin
C20,C20,6720,7048,6843,189,190,6805,1,-0.09,6722,6720,-2,6955,6877,-78,1.11,1.58,4,6,
C21,C21,7048,7487,7233,76,75,7233,-1,-0.09,7167,7158,-9,7349,7271,-78,5.62,6.06,15,24,
C22,C22,7487,7839,7741,131,133,7717,2,-0.07,7622,7618,-4,7818,7779,-39,3.87,3.98,8,9,
C23,C23,7839,8204,7926,137,138,7948,1,-0.16,7870,7868,-2,7984,7971,-13,2.94,1.67,2,1,
C24,C24,8204,8596,8446,239,208,8205,-31,-0.02,,,,8473,8206,-267,0.22,0.32,0,1,vmin
C25,C25,8596,9070,8720,127,129,8723,2,-0.08,8596,8596,0,8823,8748,-75,3.08,3.38,8,9,
C26,C26,9855,10486,10317,271,263,9855,-8,0.09,,,,10306,9856,-450,0.0,0.06,0,0,vmin
C27,C27,10486,10871,10644,224,227,10662,3,-0.05,10533,10537,4,10669,10663,-6,0.5,0.36,1,0,
C28,C28,10871,11218,11077,246,239,10872,-7,-0.03,,,,11075,10873,-202,0.25,0.19,0,0,vmin
C29,C29,11218,11578,11362,92,93,11363,1,-0.13,11231,11224,-7,11477,11448,-29,6.49,6.14,13,16,
C30,C30,11578,12050,11795,82,86,11829,4,-0.02,11699,11695,-4,11907,11860,-47,6.65,6.81,12,27,
C31,C31,12050,12468,12281,222,185,12050,-37,0.04,,,,12305,12051,-254,0.18,0.34,0,0,vmin
C32,C32,12468,12698,12632,162,167,12615,5,-0.04,12468,12468,0,12680,12684,4,3.68,2.02,4,5,
C33,C33,12698,12932,12751,140,133,12779,-7,-0.06,12704,12705,1,12858,12812,-46,3.24,4.36,1,3,vmin
C34,C34,12932,13158,13106,207,181,12932,-26,0.0,,,,,,,0.61,1.13,2,3,vmin
C35,C35,13158,13281,13216,169,173,13226,4,-0.02,13160,13158,-2,,,,4.03,2.53,4,2,
C36,C36,13281,13426,13332,181,177,13281,-4,0.04,,,,13380,13366,-14,2.03,2.62,0,0,
C37,C37,13426,13626,13504,156,156,13494,0,-0.02,13451,13450,-1,13617,13613,-4,8.65,3.88,4,4,
C38,C38,13626,13836,13746,148,149,13751,1,0.02,13678,13674,-4,,,,3.38,2.96,4,6,
C39,C39,13836,14042,13927,138,139,13936,1,-0.04,13877,13878,1,14000,13967,-33,1.84,2.38,3,5,
C40,C40,14042,14296,14156,132,132,14167,0,-0.02,14099,14096,-3,14252,14215,-37,4.73,3.47,8,6,
C41,C41,14296,14606,14436,126,124,14428,-2,-0.04,14366,14364,-2,14501,14486,-15,4.12,3.81,5,8,
C42,C42,14606,14884,14753,213,178,14606,-35,-0.05,,,,14777,14607,-170,0.12,0.07,0,0,vmin
C43,C43,14884,15036,15013,191,185,15014,-6,0.04,14914,14918,4,,,,3.66,5.58,1,3,vmin
C44,C44,15036,15165,15066,183,185,15036,2,-0.04,,,,15165,15112,-53,0.54,1.21,0,0,
C45,C45,15165,15414,15228,200,193,15166,-7,-0.06,,,,15253,15167,-86,1.03,0.97,0,0,vmin
C46,C46,15414,15710,15552,244,229,15414,-15,-0.03,,,,15579,15415,-164,1.28,1.52,0,0,vmin
C47,C47,15710,16046,15814,259,249,15710,-10,0.05,,,,15856,15711,-145,0.27,0.34,0,0,vmin
C48,C48,16046,16324,16264,207,204,16265,-3,0.02,16121,16321,200,,,,2.54,2.59,4,8,frenada
C49,C49,16324,16530,16399,134,140,16417,6,-0.11,16325,16324,-1,16486,16465,-21,4.21,3.62,9,5,vmin
C50,C50,16530,16850,16660,115,115,16650,0,0.0,16580,16580,0,16711,16698,-13,5.37,4.74,9,11,
C51,C51,16850,17150,17040,181,181,17003,0,0.04,16956,16953,-3,17072,17055,-17,1.06,1.07,0,3,
C52,C52,17150,17610,17238,207,198,17150,-9,0.01,,,,17338,17206,-132,0.28,0.33,0,0,vmin
C53,C53,19571,20129,20044,292,225,20129,-67,0.07,,,,,,,1.05,1.25,5,5,vmin
C54,C54,20129,20314,20237,102,101,20243,-1,0.15,20129,20129,0,,,,8.18,8.68,17,22,
C55,C55,20314,20741,20391,100,99,20382,-1,-0.1,20347,20590,243,20444,20436,-8,2.33,2.3,4,7,frenada
